t;u;w;q;theta
0;0;0;0;0
0.1;0;0;0;0
0.2;0;0;0;0
0.3;0;0;0;0
0.4;0;0;0;0
0.5;0;0;0;0
0.6;0;0;0;0
0.7;0;0;0;0
0.8;0;0;0;0
0.9;0;0;0;0
1;0;0.000233451;0.000622566;0
1.1;-0.000273809;0.181436;0.0445375;0.00251394
1.2;-0.00231769;0.512741;0.0625725;0.00801965
1.3;-0.00742016;0.846887;0.0664978;0.0145519
1.4;-0.0163145;1.12174;0.0637982;0.0211012
1.5;-0.0293657;1.32207;0.0588069;0.0272413
1.6;-0.0467157;1.45504;0.0537514;0.0328669
1.7;-0.068384;1.53593;0.0495738;0.0380262
1.8;-0.0943319;1.58058;0.0465073;0.0428227
1.9;-0.1245;1.60224;0.0444459;0.0473639
2;-0.158828;1.61067;0.0431607;0.0517394
2.1;-0.196995;1.43383;-0.0018371;0.0535452
2.2;-0.237468;1.10206;-0.020474;0.0522766
2.3;-0.278912;0.765926;-0.0247154;0.0499369
2.4;-0.320558;0.489246;-0.0221816;0.0475567
2.5;-0.362008;0.287954;-0.0172916;0.045573
2.6;-0.403091;0.155047;-0.0123229;0.0440947
2.7;-0.443761;0.0751873;-0.00824308;0.0430735
2.8;-0.48403;0.0323296;-0.00529582;0.0424044
2.9;-0.52393;0.0130436;-0.00337766;0.0419775
3;-0.563494;0.00742935;-0.00225851;0.0417007
3.1;-0.602747;0.00886012;-0.00169697;0.0415064
3.2;-0.641705;0.0132817;-0.0014907;0.0413492
3.3;-0.680376;0.0184521;-0.00149043;0.0412013
3.4;-0.71876;0.0232946;-0.00159614;0.0410476
3.5;-0.756853;0.0274154;-0.00174658;0.0408808
3.6;-0.794647;0.0307783;-0.00190786;0.0406981
3.7;-0.832135;0.0335029;-0.00206364;0.0404996
3.8;-0.869305;0.0357526;-0.00220793;0.040286
3.9;-0.906149;0.0376791;-0.00234012;0.0400585
4;-0.942657;0.039402;-0.00246199;0.0398184
4.1;-0.978818;0.0410054;-0.00257596;0.0395665
4.2;-1.01462;0.0425433;-0.00268431;0.0393035
4.3;-1.05006;0.0440472;-0.00278881;0.0390299
4.4;-1.08513;0.0455335;-0.00289071;0.0387459
4.5;-1.11981;0.0470091;-0.00299081;0.0384519
4.6;-1.1541;0.0484758;-0.00308956;0.0381479
4.7;-1.18799;0.0499327;-0.00318719;0.0378341
4.8;-1.22147;0.0513778;-0.00328379;0.0375106
4.9;-1.25454;0.0528092;-0.00337937;0.0371775
5;-1.28717;0.0542251;-0.00347389;0.0368349
5.1;-1.31938;0.0556242;-0.00356731;0.0364828
5.2;-1.35114;0.0570053;-0.00365958;0.0361215
5.3;-1.38246;0.0583677;-0.00375066;0.0357511
5.4;-1.41331;0.0597109;-0.0038405;0.0353715
5.5;-1.4437;0.0610343;-0.00392908;0.0349831
5.6;-1.47362;0.0623376;-0.00401637;0.0345859
5.7;-1.50307;0.0636204;-0.00410234;0.0341799
5.8;-1.53202;0.0648826;-0.00418697;0.0337655
5.9;-1.56048;0.0661237;-0.00427024;0.0333427
6;-1.58845;0.0673435;-0.00435213;0.0329116
6.1;-1.6159;0.0685418;-0.00443262;0.0324724
6.2;-1.64285;0.0697183;-0.00451169;0.0320252
6.3;-1.66927;0.0708726;-0.00458932;0.0315702
6.4;-1.69517;0.0720046;-0.0046655;0.0311075
6.5;-1.72054;0.0731139;-0.0047402;0.0306372
6.6;-1.74537;0.0742004;-0.00481341;0.0301595
6.7;-1.76966;0.0752637;-0.00488512;0.0296746
6.8;-1.7934;0.0763036;-0.0049553;0.0291826
6.9;-1.81659;0.07732;-0.00502394;0.0286837
7;-1.83922;0.0783125;-0.00509103;0.028178
7.1;-1.86129;0.0792809;-0.00515655;0.0276656
7.2;-1.88279;0.0802251;-0.00522048;0.0271468
7.3;-1.90371;0.0811448;-0.00528282;0.0266216
7.4;-1.92406;0.0820399;-0.00534354;0.0260903
7.5;-1.94383;0.0829101;-0.00540264;0.025553
7.6;-1.96301;0.0837552;-0.00546011;0.0250099
7.7;-1.9816;0.0845752;-0.00551592;0.0244611
7.8;-1.9996;0.0853697;-0.00557007;0.0239068
7.9;-2.017;0.0861387;-0.00562255;0.0233472
8;-2.0338;0.086882;-0.00567335;0.0227824
8.1;-2.05;0.0875995;-0.00572245;0.0222127
8.2;-2.06559;0.088291;-0.00576985;0.0216381
8.3;-2.08057;0.0889563;-0.00581554;0.0210588
8.4;-2.09494;0.0895954;-0.00585951;0.020475
8.5;-2.1087;0.0902082;-0.00590175;0.019887
8.6;-2.12183;0.0907945;-0.00594225;0.0192948
8.7;-2.13435;0.0913542;-0.00598101;0.0186986
8.8;-2.14625;0.0918873;-0.00601802;0.0180987
8.9;-2.15752;0.0923937;-0.00605327;0.0174951
9;-2.16817;0.0928732;-0.00608677;0.0168881
9.1;-2.17819;0.0933258;-0.00611849;0.0162779
9.2;-2.18758;0.0937515;-0.00614844;0.0156645
9.3;-2.19635;0.0941502;-0.00617662;0.0150483
9.4;-2.20448;0.0945218;-0.00620302;0.0144293
9.5;-2.21199;0.0948663;-0.00622763;0.0138077
9.6;-2.21886;0.0951837;-0.00625046;0.0131838
9.7;-2.2251;0.095474;-0.0062715;0.0125577
9.8;-2.23071;0.095737;-0.00629075;0.0119296
9.9;-2.23569;0.0959729;-0.00630821;0.0112997
10;-2.24003;0.0961817;-0.00632389;0.0106681
10.1;-2.24375;0.0963632;-0.00633776;0.010035
10.2;-2.24683;0.0965176;-0.00634985;0.00940057
10.3;-2.24928;0.0966449;-0.00636015;0.00876506
10.4;-2.2511;0.096745;-0.00636866;0.00812861
10.5;-2.2523;0.0968181;-0.00637539;0.0074914
10.6;-2.25286;0.0968641;-0.00638033;0.0068536
10.7;-2.2528;0.0968832;-0.00638348;0.0062154
10.8;-2.25212;0.0968753;-0.00638486;0.00557696
10.9;-2.25081;0.0968406;-0.00638447;0.00493848
11;-2.24888;0.0967791;-0.0063823;0.00430013
11.1;-2.24633;0.0966909;-0.00637837;0.00366208
11.2;-2.24316;0.0965761;-0.00637268;0.00302451
11.3;-2.23938;0.0964348;-0.00636523;0.0023876
11.4;-2.23499;0.096267;-0.00635604;0.00175151
11.5;-2.22999;0.0960729;-0.0063451;0.00111644
11.6;-2.22438;0.0958526;-0.00633243;0.000482538
11.7;-2.21816;0.0956063;-0.00631803;-0.000150007
11.8;-2.21135;0.095334;-0.00630192;-0.000781027
11.9;-2.20393;0.0950359;-0.00628409;-0.00141035
12;-2.19593;0.0947121;-0.00626456;-0.00203781
12.1;-2.18733;0.0943628;-0.00624334;-0.00266323
12.2;-2.17815;0.0939882;-0.00622044;-0.00328644
12.3;-2.16838;0.0935883;-0.00619586;-0.00390728
12.4;-2.15804;0.0931634;-0.00616963;-0.00452558
12.5;-2.14712;0.0927137;-0.00614174;-0.00514118
12.6;-2.13563;0.0922393;-0.00611221;-0.00575391
12.7;-2.12357;0.0917405;-0.00608106;-0.0063636
12.8;-2.11096;0.0912173;-0.0060483;-0.0069701
12.9;-2.09778;0.0906701;-0.00601393;-0.00757324
13;-2.08406;0.090099;-0.00597798;-0.00817286
13.1;-2.06979;0.0895043;-0.00594045;-0.00876882
13.2;-2.05498;0.0888861;-0.00590136;-0.00936094
13.3;-2.03964;0.0882447;-0.00586073;-0.00994908
13.4;-2.02376;0.0875803;-0.00581856;-0.0105331
13.5;-2.00736;0.0868932;-0.00577488;-0.0111128
13.6;-1.99045;0.0861836;-0.0057297;-0.011688
13.7;-1.97302;0.0854518;-0.00568304;-0.0122587
13.8;-1.95508;0.0846979;-0.00563491;-0.0128247
13.9;-1.93664;0.0839223;-0.00558533;-0.0133857
14;-1.91771;0.0831253;-0.00553432;-0.0139417
14.1;-1.89829;0.0823071;-0.00548189;-0.0144926
14.2;-1.87839;0.081468;-0.00542806;-0.0150381
14.3;-1.85802;0.0806082;-0.00537285;-0.0155782
14.4;-1.83718;0.0797281;-0.00531628;-0.0161127
14.5;-1.81588;0.0788279;-0.00525837;-0.0166415
14.6;-1.79412;0.077908;-0.00519914;-0.0171644
14.7;-1.77192;0.0769686;-0.0051386;-0.0176813
14.8;-1.74927;0.07601;-0.00507678;-0.0181921
14.9;-1.7262;0.0750327;-0.0050137;-0.0186967
15;-1.7027;0.0740368;-0.00494937;-0.0191949
15.1;-1.67878;0.0730227;-0.00488382;-0.0196866
15.2;-1.65446;0.0719907;-0.00481707;-0.0201717
15.3;-1.62973;0.0709411;-0.00474914;-0.02065
15.4;-1.6046;0.0698744;-0.00468006;-0.0211215
15.5;-1.5791;0.0687907;-0.00460983;-0.0215861
15.6;-1.55321;0.0676906;-0.00453849;-0.0220435
15.7;-1.52695;0.0665742;-0.00446606;-0.0224938
15.8;-1.50033;0.065442;-0.00439256;-0.0229368
15.9;-1.47336;0.0642942;-0.00431802;-0.0233724
16;-1.44604;0.0631314;-0.00424245;-0.0238004
16.1;-1.41839;0.0619537;-0.00416588;-0.0242209
16.2;-1.3904;0.0607616;-0.00408833;-0.0246336
16.3;-1.3621;0.0595555;-0.00400984;-0.0250386
16.4;-1.33348;0.0583356;-0.00393041;-0.0254357
16.5;-1.30456;0.0571024;-0.00385008;-0.0258247
16.6;-1.27535;0.0558563;-0.00376887;-0.0262057
16.7;-1.24585;0.0545976;-0.00368681;-0.0265786
16.8;-1.21608;0.0533268;-0.00360391;-0.0269431
16.9;-1.18603;0.0520441;-0.00352021;-0.0272994
17;-1.15573;0.0507499;-0.00343573;-0.0276472
17.1;-1.12518;0.0494448;-0.0033505;-0.0279866
17.2;-1.09439;0.0481289;-0.00326453;-0.0283174
17.3;-1.06337;0.0468028;-0.00317786;-0.0286396
17.4;-1.03213;0.0454669;-0.00309052;-0.028953
17.5;-1.00067;0.0441214;-0.00300252;-0.0292577
17.6;-0.969008;0.0427669;-0.00291389;-0.0295536
17.7;-0.937152;0.0414037;-0.00282466;-0.0298406
17.8;-0.905111;0.0400321;-0.00273486;-0.0301186
17.9;-0.872894;0.0386527;-0.00264451;-0.0303876
18;-0.84051;0.0372658;-0.00255364;-0.0306476
18.1;-0.807969;0.0358719;-0.00246227;-0.0308984
18.2;-0.77528;0.0344712;-0.00237044;-0.0311401
18.3;-0.742453;0.0330643;-0.00227816;-0.0313726
18.4;-0.709497;0.0316515;-0.00218546;-0.0315958
18.5;-0.676421;0.0302332;-0.00209238;-0.0318098
18.6;-0.643235;0.0288098;-0.00199894;-0.0320144
18.7;-0.609948;0.0273818;-0.00190516;-0.0322096
18.8;-0.576571;0.0259496;-0.00181107;-0.0323955
18.9;-0.543111;0.0245135;-0.0017167;-0.0325719
19;-0.50958;0.023074;-0.00162207;-0.0327389
19.1;-0.475986;0.0216315;-0.00152722;-0.0328964
19.2;-0.442338;0.0201863;-0.00143216;-0.0330445
19.3;-0.408647;0.0187389;-0.00133693;-0.033183
19.4;-0.374921;0.0172897;-0.00124156;-0.0333119
19.5;-0.34117;0.0158392;-0.00114606;-0.0334314
19.6;-0.307404;0.0143876;-0.00105047;-0.0335412
19.7;-0.273632;0.0129355;-0.000954808;-0.0336416
19.8;-0.239863;0.0114831;-0.000859108;-0.0337323
19.9;-0.206107;0.010031;-0.000763395;-0.0338135
20;-0.172372;0.0085795;-0.000667694;-0.0338851
20.1;-0.138669;0.00712903;-0.000572033;-0.0339471
20.2;-0.105007;0.00567998;-0.000476437;-0.0339996
20.3;-0.071394;0.00423275;-0.000380933;-0.0340425
20.4;-0.0378403;0.00278775;-0.000285547;-0.0340759
20.5;-0.00435484;0.00134536;-0.000190306;-0.0340997
20.6;0.0290533;-9.40256e-05;-9.52354e-05;-0.034114
20.7;0.0623751;-0.00153001;-3.61252e-07;-0.0341188
20.8;0.0956014;-0.0029622;9.42905e-05;-0.0341142
20.9;0.128723;-0.0043902;0.000188694;-0.0341001
21;0.161732;-0.00581365;0.000282824;-0.0340766
21.1;0.194618;-0.00723214;0.000376655;-0.0340436
21.2;0.227373;-0.0086453;0.000470161;-0.0340013
21.3;0.259988;-0.0100527;0.000563317;-0.0339497
21.4;0.292455;-0.0114541;0.000656099;-0.0338888
21.5;0.324764;-0.012849;0.000748481;-0.0338186
21.6;0.356908;-0.014237;0.000840439;-0.0337392
21.7;0.388877;-0.0156179;0.000931948;-0.0336506
21.8;0.420663;-0.0169912;0.00102298;-0.0335529
21.9;0.452258;-0.0183565;0.00111352;-0.0334461
22;0.483654;-0.0197136;0.00120354;-0.0333303
22.1;0.514841;-0.021062;0.00129301;-0.0332055
22.2;0.545813;-0.0224014;0.00138192;-0.0330718
22.3;0.576561;-0.0237314;0.00147023;-0.0329292
22.4;0.607076;-0.0250518;0.00155793;-0.0327779
22.5;0.637352;-0.0263621;0.00164499;-0.0326178
22.6;0.66738;-0.027662;0.00173138;-0.032449
22.7;0.697152;-0.0289512;0.0018171;-0.0322716
22.8;0.726661;-0.0302293;0.00190211;-0.0320857
22.9;0.755899;-0.031496;0.00198639;-0.0318913
23;0.784859;-0.0327511;0.00206993;-0.0316885
23.1;0.813534;-0.0339941;0.00215269;-0.0314774
23.2;0.841915;-0.0352247;0.00223467;-0.0312581
23.3;0.869996;-0.0364427;0.00231583;-0.0310306
23.4;0.89777;-0.0376478;0.00239616;-0.030795
23.5;0.92523;-0.0388396;0.00247563;-0.0305515
23.6;0.952369;-0.0400178;0.00255424;-0.0303
23.7;0.97918;-0.0411821;0.00263194;-0.0300407
23.8;1.00566;-0.0423323;0.00270874;-0.0297737
23.9;1.03179;-0.043468;0.00278461;-0.0294991
24;1.05758;-0.044589;0.00285952;-0.0292169
24.1;1.08301;-0.045695;0.00293347;-0.0289273
24.2;1.10809;-0.0467858;0.00300643;-0.0286303
24.3;1.1328;-0.047861;0.00307838;-0.0283261
24.4;1.15713;-0.0489204;0.00314931;-0.0280147
24.5;1.18109;-0.0499638;0.0032192;-0.0276963
24.6;1.20466;-0.0509908;0.00328804;-0.027371
24.7;1.22785;-0.0520013;0.0033558;-0.0270388
24.8;1.25063;-0.052995;0.00342247;-0.0267
24.9;1.27302;-0.0539717;0.00348803;-0.0263545
25;1.29501;-0.0549311;0.00355248;-0.0260025
25.1;1.31658;-0.055873;0.00361578;-0.0256441
25.2;1.33773;-0.0567972;0.00367794;-0.0252794
25.3;1.35847;-0.0577035;0.00373893;-0.0249086
25.4;1.37878;-0.0585916;0.00379874;-0.0245317
25.5;1.39866;-0.0594614;0.00385735;-0.0241489
25.6;1.41811;-0.0603127;0.00391476;-0.0237603
25.7;1.43711;-0.0611452;0.00397094;-0.0233661
25.8;1.45568;-0.0619589;0.0040259;-0.0229662
25.9;1.47379;-0.0627534;0.0040796;-0.022561
26;1.49146;-0.0635287;0.00413205;-0.0221504
26.1;1.50866;-0.0642845;0.00418323;-0.0217347
26.2;1.52542;-0.0650207;0.00423313;-0.0213139
26.3;1.5417;-0.0657371;0.00428174;-0.0208881
26.4;1.55752;-0.0664337;0.00432905;-0.0204576
26.5;1.57288;-0.0671101;0.00437504;-0.0200224
26.6;1.58776;-0.0677664;0.00441972;-0.0195827
26.7;1.60216;-0.0684023;0.00446306;-0.0191386
26.8;1.61609;-0.0690178;0.00450506;-0.0186902
26.9;1.62954;-0.0696127;0.00454571;-0.0182376
27;1.6425;-0.0701868;0.00458501;-0.0177811
27.1;1.65497;-0.0707402;0.00462295;-0.0173207
27.2;1.66696;-0.0712726;0.00465951;-0.0168566
27.3;1.67846;-0.071784;0.00469469;-0.0163889
27.4;1.68946;-0.0722743;0.00472849;-0.0159177
27.5;1.69997;-0.0727433;0.0047609;-0.0154433
27.6;1.70999;-0.0731912;0.00479191;-0.0149656
27.7;1.7195;-0.0736176;0.00482152;-0.014485
27.8;1.72852;-0.0740226;0.00484972;-0.0140014
27.9;1.73704;-0.0744062;0.00487651;-0.0135151
28;1.74505;-0.0747682;0.00490188;-0.0130262
28.1;1.75256;-0.0751086;0.00492584;-0.0125348
28.2;1.75957;-0.0754274;0.00494837;-0.0120411
28.3;1.76607;-0.0757245;0.00496948;-0.0115452
28.4;1.77207;-0.0759998;0.00498916;-0.0110473
28.5;1.77756;-0.0762535;0.00500741;-0.0105474
28.6;1.78255;-0.0764854;0.00502422;-0.0100458
28.7;1.78703;-0.0766956;0.00503961;-0.00954265
28.8;1.791;-0.076884;0.00505356;-0.00903799
28.9;1.79447;-0.0770506;0.00506607;-0.008532
29;1.79743;-0.0771954;0.00507715;-0.00802483
29.1;1.79988;-0.0773185;0.00508679;-0.00751663
29.2;1.80183;-0.0774199;0.00509501;-0.00700753
29.3;1.80328;-0.0774995;0.00510178;-0.00649768
29.4;1.80422;-0.0775575;0.00510713;-0.00598723
29.5;1.80466;-0.0775938;0.00511105;-0.00547631
29.6;1.8046;-0.0776085;0.00511354;-0.00496507
29.7;1.80404;-0.0776016;0.00511461;-0.00445365
29.8;1.80298;-0.0775732;0.00511425;-0.00394219
29.9;1.80142;-0.0775234;0.00511248;-0.00343084
30;1.79936;-0.0774521;0.00510929;-0.00291974
30.1;1.79681;-0.0773596;0.0051047;-0.00240903
30.2;1.79377;-0.0772458;0.00509869;-0.00189885
30.3;1.79024;-0.0771108;0.00509129;-0.00138933
30.4;1.78622;-0.0769548;0.00508249;-0.000880626
30.5;1.78171;-0.0767778;0.00507231;-0.000372869
30.6;1.77672;-0.0765799;0.00506073;0.0001338
30.7;1.77125;-0.0763612;0.00504779;0.000639244
30.8;1.7653;-0.0761218;0.00503347;0.00114333
30.9;1.75887;-0.0758619;0.00501779;0.00164591
31;1.75197;-0.0755816;0.00500075;0.00214685
31.1;1.7446;-0.0752809;0.00498237;0.00264603
31.2;1.73677;-0.0749601;0.00496265;0.0031433
31.3;1.72847;-0.0746192;0.0049416;0.00363854
31.4;1.71971;-0.0742584;0.00491922;0.0041316
31.5;1.71049;-0.0738779;0.00489554;0.00462236
31.6;1.70082;-0.0734777;0.00487055;0.00511069
31.7;1.6907;-0.0730581;0.00484427;0.00559645
31.8;1.68014;-0.0726193;0.0048167;0.00607953
31.9;1.66914;-0.0721613;0.00478787;0.00655978
32;1.65769;-0.0716843;0.00475777;0.00703709
32.1;1.64582;-0.0711886;0.00472643;0.00751132
32.2;1.63352;-0.0706744;0.00469384;0.00798236
32.3;1.62079;-0.0701417;0.00466004;0.00845009
32.4;1.60764;-0.0695908;0.00462501;0.00891437
32.5;1.59408;-0.0690219;0.00458879;0.00937508
32.6;1.5801;-0.0684351;0.00455138;0.00983212
32.7;1.56572;-0.0678308;0.00451279;0.0102854
32.8;1.55095;-0.0672091;0.00447305;0.0107347
32.9;1.53577;-0.0665701;0.00443215;0.01118
33;1.5202;-0.0659142;0.00439012;0.0116211
33.1;1.50425;-0.0652416;0.00434697;0.012058
33.2;1.48792;-0.0645524;0.00430272;0.0124905
33.3;1.47122;-0.063847;0.00425738;0.0129186
33.4;1.45414;-0.0631255;0.00421096;0.013342
33.5;1.43671;-0.0623881;0.00416348;0.0137608
33.6;1.41891;-0.0616352;0.00411496;0.0141747
33.7;1.40076;-0.060867;0.00406541;0.0145838
33.8;1.38227;-0.0600837;0.00401485;0.0149878
33.9;1.36344;-0.0592855;0.0039633;0.0153867
34;1.34427;-0.0584728;0.00391076;0.0157805
34.1;1.32477;-0.0576457;0.00385727;0.0161689
34.2;1.30496;-0.0568046;0.00380283;0.016552
34.3;1.28482;-0.0559497;0.00374746;0.0169295
34.4;1.26438;-0.0550813;0.00369118;0.0173015
34.5;1.24364;-0.0541996;0.00363401;0.0176678
34.6;1.22259;-0.053305;0.00357597;0.0180283
34.7;1.20126;-0.0523977;0.00351707;0.018383
34.8;1.17965;-0.051478;0.00345733;0.0187318
34.9;1.15776;-0.0505461;0.00339677;0.0190745
35;1.1356;-0.0496025;0.00333542;0.0194111
35.1;1.11317;-0.0486472;0.00327328;0.0197416
35.2;1.09049;-0.0476807;0.00321038;0.0200658
35.3;1.06756;-0.0467033;0.00314673;0.0203837
35.4;1.04439;-0.0457152;0.00308237;0.0206952
35.5;1.02099;-0.0447167;0.0030173;0.0210002
35.6;0.99735;-0.0437082;0.00295154;0.0212987
35.7;0.973494;-0.0426899;0.00288512;0.0215906
35.8;0.949423;-0.0416621;0.00281805;0.0218758
35.9;0.925145;-0.0406252;0.00275036;0.0221543
36;0.900667;-0.0395795;0.00268207;0.0224259
36.1;0.875997;-0.0385252;0.00261319;0.0226907
36.2;0.851142;-0.0374627;0.00254375;0.0229486
36.3;0.826109;-0.0363923;0.00247377;0.0231995
36.4;0.800905;-0.0353143;0.00240326;0.0234434
36.5;0.775539;-0.0342291;0.00233225;0.0236802
36.6;0.750016;-0.0331369;0.00226076;0.0239099
36.7;0.724346;-0.0320381;0.00218882;0.0241324
36.8;0.698535;-0.0309329;0.00211643;0.0243477
36.9;0.67259;-0.0298218;0.00204363;0.0245558
37;0.64652;-0.028705;0.00197043;0.0247565
37.1;0.620331;-0.0275829;0.00189685;0.0249499
37.2;0.594032;-0.0264557;0.00182292;0.025136
37.3;0.56763;-0.0253239;0.00174866;0.0253146
37.4;0.541132;-0.0241876;0.00167409;0.0254857
37.5;0.514546;-0.0230474;0.00159923;0.0256495
37.6;0.48788;-0.0219034;0.0015241;0.0258057
37.7;0.461141;-0.020756;0.00144872;0.0259543
37.8;0.434337;-0.0196055;0.00137312;0.0260955
37.9;0.407475;-0.0184523;0.00129732;0.026229
38;0.380563;-0.0172967;0.00122133;0.026355
38.1;0.353608;-0.016139;0.00114518;0.0264734
38.2;0.326619;-0.0149796;0.00106889;0.0265841
38.3;0.299602;-0.0138187;0.000992489;0.0266872
38.4;0.272566;-0.0126567;0.000915988;0.0267827
38.5;0.245517;-0.0114939;0.000839413;0.0268705
38.6;0.218464;-0.0103306;0.000762784;0.0269506
38.7;0.191414;-0.00916721;0.000686123;0.0270231
38.8;0.164373;-0.008004;0.000609452;0.0270879
38.9;0.137351;-0.00684129;0.000532792;0.0271451
39;0.110354;-0.00567942;0.000456163;0.0271946
39.1;0.0833896;-0.00451869;0.000379587;0.0272364
39.2;0.0564653;-0.00335944;0.000303086;0.0272706
39.3;0.0295885;-0.00220196;0.00022668;0.0272971
39.4;0.00276649;-0.0010466;0.000150391;0.027316
39.5;-0.0239934;0.000106352;7.42384e-05;0.0273273
39.6;-0.0506838;0.00125657;-1.75609e-06;0.0273309
39.7;-0.0772976;0.00240374;-7.75718e-05;0.027327
39.8;-0.103828;0.00354755;-0.000153188;0.0273155
39.9;-0.130267;0.0046877;-0.000228585;0.0272964
40;-0.156607;0.00582387;-0.000303741;0.0272699
40.1;-0.182843;0.00695576;-0.000378637;0.0272358
40.2;-0.208966;0.00808307;-0.000453252;0.0271942
40.3;-0.23497;0.00920549;-0.000527567;0.0271452
40.4;-0.260848;0.0103227;-0.000601561;0.0270888
40.5;-0.286593;0.0114345;-0.000675214;0.027025
40.6;-0.312198;0.0125405;-0.000748508;0.0269538
40.7;-0.337657;0.0136404;-0.000821422;0.0268754
40.8;-0.362962;0.0147339;-0.000893937;0.0267896
40.9;-0.388106;0.0158208;-0.000966034;0.0266967
41;-0.413085;0.0169007;-0.00103769;0.0265965
41.1;-0.43789;0.0179734;-0.0011089;0.0264892
41.2;-0.462515;0.0190387;-0.00117963;0.0263748
41.3;-0.486955;0.0200961;-0.00124986;0.0262534
41.4;-0.511202;0.0211455;-0.00131959;0.0261249
41.5;-0.53525;0.0221866;-0.00138878;0.0259895
41.6;-0.559094;0.023219;-0.00145743;0.0258473
41.7;-0.582726;0.0242426;-0.00152551;0.0256981
41.8;-0.606142;0.0252571;-0.00159301;0.0255422
41.9;-0.629334;0.0262622;-0.00165991;0.0253796
42;-0.652297;0.0272577;-0.00172619;0.0252103
42.1;-0.675026;0.0282432;-0.00179184;0.0250345
42.2;-0.697514;0.0292186;-0.00185684;0.0248521
42.3;-0.719755;0.0301836;-0.00192117;0.0246632
42.4;-0.741745;0.031138;-0.00198481;0.0244679
42.5;-0.763478;0.0320815;-0.00204776;0.0242663
42.6;-0.784948;0.0330139;-0.00210999;0.0240585
42.7;-0.806149;0.033935;-0.00217149;0.0238444
42.8;-0.827078;0.0348444;-0.00223224;0.0236242
42.9;-0.847727;0.0357421;-0.00229223;0.023398
43;-0.868094;0.0366277;-0.00235144;0.0231659
43.1;-0.888171;0.0375012;-0.00240986;0.0229278
43.2;-0.907955;0.0383621;-0.00246748;0.022684
43.3;-0.927441;0.0392104;-0.00252428;0.0224344
43.4;-0.946624;0.0400458;-0.00258024;0.0221792
43.5;-0.965499;0.0408682;-0.00263536;0.0219185
43.6;-0.984062;0.0416773;-0.00268961;0.0216522
43.7;-1.00231;0.0424729;-0.002743;0.0213806
43.8;-1.02023;0.0432549;-0.00279549;0.0211037
43.9;-1.03784;0.0440231;-0.00284709;0.0208216
44;-1.05511;0.0447772;-0.00289778;0.0205344
44.1;-1.07205;0.0455172;-0.00294754;0.0202421
44.2;-1.08865;0.0462428;-0.00299637;0.019945
44.3;-1.10491;0.0469538;-0.00304426;0.0196429
44.4;-1.12082;0.0476502;-0.00309118;0.0193362
44.5;-1.13639;0.0483317;-0.00313714;0.0190248
44.6;-1.1516;0.0489982;-0.00318213;0.0187088
44.7;-1.16647;0.0496495;-0.00322612;0.0183884
44.8;-1.18097;0.0502856;-0.00326911;0.0180637
44.9;-1.19511;0.0509062;-0.0033111;0.0177347
45;-1.20888;0.0515112;-0.00335207;0.0174015
45.1;-1.22229;0.0521005;-0.00339202;0.0170643
45.2;-1.23533;0.052674;-0.00343093;0.0167232
45.3;-1.24799;0.0532315;-0.00346879;0.0163782
45.4;-1.26028;0.053773;-0.00350561;0.0160295
45.5;-1.27219;0.0542983;-0.00354137;0.0156772
45.6;-1.28372;0.0548072;-0.00357606;0.0153213
45.7;-1.29486;0.0552998;-0.00360967;0.014962
45.8;-1.30563;0.0557759;-0.00364221;0.0145995
45.9;-1.316;0.0562354;-0.00367366;0.0142337
46;-1.32598;0.0566782;-0.00370402;0.0138648
46.1;-1.33557;0.0571042;-0.00373328;0.0134929
46.2;-1.34477;0.0575134;-0.00376143;0.0131182
46.3;-1.35358;0.0579057;-0.00378847;0.0127407
46.4;-1.36199;0.058281;-0.0038144;0.0123606
46.5;-1.37;0.0586392;-0.00383922;0.0119779
46.6;-1.37761;0.0589804;-0.0038629;0.0115928
46.7;-1.38482;0.0593044;-0.00388546;0.0112054
46.8;-1.39163;0.0596111;-0.00390689;0.0108158
46.9;-1.39804;0.0599007;-0.00392719;0.0104241
47;-1.40405;0.0601729;-0.00394635;0.0100304
47.1;-1.40965;0.0604278;-0.00396437;0.00963484
47.2;-1.41485;0.0606653;-0.00398124;0.00923756
47.3;-1.41964;0.0608854;-0.00399698;0.00883865
47.4;-1.42403;0.0610882;-0.00401156;0.00843822
47.5;-1.42801;0.0612735;-0.004025;0.00803639
47.6;-1.43159;0.0614413;-0.0040373;0.00763327
47.7;-1.43476;0.0615918;-0.00404844;0.00722898
47.8;-1.43753;0.0617248;-0.00405843;0.00682363
47.9;-1.43989;0.0618403;-0.00406728;0.00641734
48;-1.44185;0.0619385;-0.00407497;0.00601022
48.1;-1.4434;0.0620192;-0.00408152;0.00560239
48.2;-1.44454;0.0620825;-0.00408692;0.00519396
48.3;-1.44529;0.0621285;-0.00409117;0.00478505
48.4;-1.44563;0.0621571;-0.00409428;0.00437577
48.5;-1.44557;0.0621684;-0.00409624;0.00396623
48.6;-1.44511;0.0621624;-0.00409707;0.00355656
48.7;-1.44425;0.0621392;-0.00409675;0.00314686
48.8;-1.44299;0.0620988;-0.0040953;0.00273724
48.9;-1.44133;0.0620413;-0.00409272;0.00232783
49;-1.43928;0.0619667;-0.004089;0.00191874
49.1;-1.43683;0.0618751;-0.00408417;0.00151007
49.2;-1.43399;0.0617665;-0.00407821;0.00110193
49.3;-1.43076;0.0616411;-0.00407113;0.000694455
49.4;-1.42714;0.0614988;-0.00406294;0.000287739
49.5;-1.42313;0.0613398;-0.00405364;-0.000118104
49.6;-1.41873;0.0611642;-0.00404324;-0.000522962
49.7;-1.41396;0.060972;-0.00403174;-0.000926726
49.8;-1.4088;0.0607634;-0.00401915;-0.00132929
49.9;-1.40326;0.0605384;-0.00400547;-0.00173053
50;-1.39735;0.0602971;-0.00399072;-0.00213036
50.1;-1.39106;0.0600397;-0.00397489;-0.00252866
50.2;-1.3844;0.0597662;-0.003958;-0.00292532
50.3;-1.37738;0.0594767;-0.00394005;-0.00332024
50.4;-1.36999;0.0591715;-0.00392105;-0.00371331
50.5;-1.36223;0.0588505;-0.003901;-0.00410443
50.6;-1.35412;0.058514;-0.00387992;-0.0044935
50.7;-1.34564;0.058162;-0.00385781;-0.0048804
50.8;-1.33682;0.0577947;-0.00383469;-0.00526505
50.9;-1.32765;0.0574123;-0.00381055;-0.00564733
51;-1.31812;0.0570148;-0.00378542;-0.00602715
51.1;-1.30826;0.0566024;-0.00375929;-0.00640441
51.2;-1.29805;0.0561753;-0.00373218;-0.006779
51.3;-1.28751;0.0557336;-0.0037041;-0.00715084
51.4;-1.27664;0.0552775;-0.00367506;-0.00751982
51.5;-1.26544;0.0548071;-0.00364506;-0.00788585
51.6;-1.25391;0.0543227;-0.00361413;-0.00824883
51.7;-1.24206;0.0538242;-0.00358226;-0.00860868
51.8;-1.2299;0.0533121;-0.00354948;-0.00896529
51.9;-1.21742;0.0527863;-0.00351579;-0.00931857
52;-1.20463;0.0522471;-0.0034812;-0.00966845
52.1;-1.19154;0.0516947;-0.00344573;-0.0100148
52.2;-1.17815;0.0511293;-0.00340938;-0.0103576
52.3;-1.16447;0.0505509;-0.00337218;-0.0106967
52.4;-1.15049;0.04996;-0.00333412;-0.011032
52.5;-1.13623;0.0493565;-0.00329523;-0.0113635
52.6;-1.12169;0.0487408;-0.00325552;-0.0116911
52.7;-1.10686;0.048113;-0.003215;-0.0120147
52.8;-1.09177;0.0474733;-0.00317368;-0.0123341
52.9;-1.07641;0.0468219;-0.00313157;-0.0126494
53;-1.06079;0.0461591;-0.0030887;-0.0129604
53.1;-1.0449;0.045485;-0.00304507;-0.0132672
53.2;-1.02877;0.0447999;-0.0030007;-0.0135695
53.3;-1.01239;0.044104;-0.0029556;-0.0138673
53.4;-0.995764;0.0433975;-0.00290978;-0.0141606
53.5;-0.978903;0.0426806;-0.00286327;-0.0144493
53.6;-0.961809;0.0419535;-0.00281607;-0.0147333
53.7;-0.944489;0.0412165;-0.0027682;-0.0150125
53.8;-0.926948;0.0404698;-0.00271967;-0.015287
53.9;-0.90919;0.0397136;-0.0026705;-0.0155565
54;-0.891222;0.0389481;-0.00262071;-0.0158211
54.1;-0.873049;0.0381737;-0.00257031;-0.0160807
54.2;-0.854676;0.0373905;-0.00251931;-0.0163352
54.3;-0.836109;0.0365987;-0.00246773;-0.0165846
54.4;-0.817353;0.0357987;-0.00241559;-0.0168288
54.5;-0.798415;0.0349906;-0.00236291;-0.0170677
54.6;-0.7793;0.0341747;-0.00230969;-0.0173014
54.7;-0.760014;0.0333512;-0.00225595;-0.0175297
54.8;-0.740561;0.0325204;-0.00220171;-0.0177526
54.9;-0.720949;0.0316825;-0.00214699;-0.0179701
55;-0.701183;0.0308378;-0.00209181;-0.0181821
55.1;-0.681269;0.0299865;-0.00203617;-0.0183885
55.2;-0.661213;0.0291289;-0.0019801;-0.0185893
55.3;-0.64102;0.0282652;-0.00192361;-0.0187845
55.4;-0.620696;0.0273957;-0.00186671;-0.0189741
55.5;-0.600249;0.0265207;-0.00180944;-0.0191579
55.6;-0.579682;0.0256403;-0.00175179;-0.019336
55.7;-0.559003;0.0247549;-0.0016938;-0.0195083
55.8;-0.538217;0.0238647;-0.00163547;-0.0196748
55.9;-0.517331;0.02297;-0.00157683;-0.0198355
56;-0.49635;0.022071;-0.00151788;-0.0199902
56.1;-0.475281;0.021168;-0.00145865;-0.0201391
56.2;-0.454129;0.0202612;-0.00139916;-0.020282
56.3;-0.432901;0.0193509;-0.00133942;-0.020419
56.4;-0.411603;0.0184374;-0.00127944;-0.02055
56.5;-0.39024;0.017521;-0.00121926;-0.0206749
56.6;-0.368819;0.0166018;-0.00115887;-0.0207939
56.7;-0.347346;0.0156802;-0.00109831;-0.0209068
56.8;-0.325828;0.0147563;-0.00103758;-0.0210136
56.9;-0.304269;0.0138306;-0.000976704;-0.0211143
57;-0.282676;0.0129032;-0.000915702;-0.021209
57.1;-0.261055;0.0119743;-0.00085459;-0.0212975
57.2;-0.239413;0.0110444;-0.000793384;-0.02138
57.3;-0.217755;0.0101135;-0.000732101;-0.0214563
57.4;-0.196088;0.00918206;-0.000670759;-0.0215264
57.5;-0.174417;0.00825022;-0.000609374;-0.0215905
57.6;-0.152748;0.00731828;-0.000547965;-0.0216484
57.7;-0.131088;0.0063865;-0.000486547;-0.0217001
57.8;-0.109442;0.00545513;-0.000425139;-0.0217457
57.9;-0.0878167;0.00452443;-0.000363756;-0.0217852
58;-0.0662177;0.00359466;-0.000302417;-0.0218186
58.1;-0.0446509;0.00266607;-0.000241137;-0.0218458
58.2;-0.0231223;0.00173892;-0.000179934;-0.0218668
58.3;-0.00163781;0.000813464;-0.000118825;-0.0218818
58.4;0.0197968;-0.00011005;-5.78266e-05;-0.0218907
58.5;0.0411756;-0.00103137;3.04514e-06;-0.0218934
58.6;0.0624929;-0.00195024;6.37733e-05;-0.0218901
58.7;0.0837428;-0.00286642;0.000124341;-0.0218808
58.8;0.10492;-0.00377965;0.000184733;-0.0218653
58.9;0.126018;-0.00468969;0.000244932;-0.0218439
59;0.147031;-0.0055963;0.000304921;-0.0218164
59.1;0.167955;-0.00649923;0.000364685;-0.021783
59.2;0.188783;-0.00739823;0.000424208;-0.0217435
59.3;0.20951;-0.00829308;0.000483474;-0.0216982
59.4;0.23013;-0.00918353;0.000542467;-0.0216469
59.5;0.250638;-0.0100693;0.00060117;-0.0215898
59.6;0.271028;-0.0109503;0.00065957;-0.0215268
59.7;0.291295;-0.0118261;0.000717649;-0.0214579
59.8;0.311434;-0.0126966;0.000775393;-0.0213833
59.9;0.331439;-0.0135616;0.000832787;-0.0213029
